Timestamp,Open,High,Low,Close,Volume
2018-01-02,156.55999755859375,158.52999877929688,156.1699981689453,150.94931030273438,32573300
2018-01-03,158.63999938964844,160.1699981689453,158.61000061035156,152.416015625,29383600
2018-01-04,160.5800018310547,160.7899932861328,160.0800018310547,152.6826934814453,24776100
2018-01-05,161.07000732421875,162.02999877929688,160.77000427246094,154.21609497070312,26992300
2018-01-08,161.9199981689453,162.6300048828125,161.86000061035156,154.81613159179688,23159100
2018-01-09,162.8699951171875,163.0399932861328,162.07000732421875,154.82562255859375,24782400
2018-01-10,161.83999633789062,162.2100067138672,161.1199951171875,154.4636993408203,34004000
2018-01-11,162.4600067138672,163.3000030517578,162.2100067138672,155.5209197998047,20473500
2018-01-12,163.14999389648438,164.66000366210938,162.94000244140625,156.6637725830078,37762700
2018-01-16,165.5800018310547,166.4199981689453,163.52999877929688,156.2161865234375,41231800
2018-01-17,164.8000030517578,166.0399932861328,164.0,157.90194702148438,33849900
2018-01-18,165.52999877929688,166.1999969482422,165.13999938964844,157.93055725097656,26432200
2018-01-19,166.30999755859375,166.61000061035156,165.5399932861328,158.42578125,38937600
2018-01-22,166.27999877929688,168.1199951171875,166.08999633789062,160.12110900878906,26081400
2018-01-23,168.63999938964844,169.66000366210938,168.55999755859375,161.44493103027344,37989700
2018-01-24,169.8699951171875,170.24000549316406,167.44000244140625,160.39730834960938,54287400
2018-01-25,169.57000732421875,169.6300048828125,167.80999755859375,160.34014892578125,28925000
2018-01-26,169.2899932861328,170.9499969482422,168.9600067138672,162.79742431640625,32038200
2018-01-29,170.57000732421875,170.91000366210938,169.74000549316406,162.00692749023438,37277800
2018-01-30,168.5500030517578,169.4199981689453,167.82000732421875,160.6735076904297,44987700
2018-01-31,169.64999389648438,169.99000549316406,168.33999633789062,161.3402099609375,42449200
2018-02-01,168.10000610351562,169.72999572753906,167.4199981689453,159.9687042236328,38037900
2018-02-02,167.3000030517578,167.6999969482422,164.47000122070312,156.77806091308594,68478100
2018-02-05,163.07000732421875,165.75,158.0,150.5968475341797,105372200
2018-02-06,155.80999755859375,162.50999450683594,155.10000610351562,154.58755493164062,118537900
2018-02-07,161.7899932861328,163.5500030517578,160.1999969482422,152.58749389648438,91028300
2018-02-08,160.6199951171875,160.8000030517578,153.4499969482422,146.1491241455078,94184800
2018-02-09,155.6199951171875,157.24000549316406,150.1300048828125,148.6730194091797,113836600
2018-02-12,157.6999969482422,159.9499969482422,156.4600067138672,151.31121826171875,63050600
2018-02-13,157.9600067138672,160.00999450683594,157.72000122070312,152.09217834472656,31785600
2018-02-14,158.75,162.92999267578125,158.0,154.93991088867188,52107400
2018-02-15,164.13999938964844,165.6999969482422,162.44000244140625,157.81622314453125,51633900
2018-02-16,165.16000366210938,166.75999450683594,164.67999267578125,157.1114959716797,62256300
2018-02-20,164.3800048828125,166.67999267578125,164.30999755859375,157.42578125,36785600
2018-02-21,166.10000610351562,167.72000122070312,164.72000122070312,156.97813415527344,41161800
2018-02-22,165.5399932861328,166.4199981689453,164.3800048828125,156.95907592773438,37074400
2018-02-23,166.1300048828125,168.1699981689453,165.4499969482422,160.16873168945312,50096900
2018-02-26,168.9600067138672,170.39999389648438,168.82000732421875,162.29263305664062,39266700
2018-02-27,170.4499969482422,170.72999572753906,168.2100067138672,160.28297424316406,42209900
2018-02-28,169.25,169.8000030517578,167.10000610351562,159.2544403076172,42936300
2018-03-01,167.3000030517578,168.07000732421875,163.0,156.65428161621094,76809900
2018-03-02,162.5,166.27999877929688,161.9600067138672,158.09243774414062,57445100
2018-03-05,165.2100067138672,168.25999450683594,164.58999633789062,159.8448944091797,38540200
2018-03-06,168.64999389648438,169.11000061035156,167.47999572753906,160.5211181640625,29480900
2018-03-07,167.25,169.07000732421875,166.9600067138672,160.89254760742188,34609400
2018-03-08,169.6300048828125,169.97999572753906,168.9499969482422,161.77830505371094,25828400
2018-03-09,171.07000732421875,173.16000366210938,170.82000732421875,164.92129516601562,38310500
2018-03-12,173.6699981689453,174.47999572753906,173.27999877929688,165.7975616455078,37635000
2018-03-13,174.47999572753906,175.2100067138672,171.27000427246094,163.54029846191406,55638900
2018-03-14,172.61000061035156,172.74000549316406,170.92999267578125,163.51171875,40536400
2018-03-15,171.8000030517578,172.52999877929688,170.89999389648438,163.36888122558594,28810400
2018-03-16,171.82000732421875,172.1999969482422,170.94000244140625,162.8831329345703,31176700
2018-03-19,169.10000610351562,169.22000122070312,165.63999938964844,159.4077911376953,71395100
2018-03-20,167.1699981689453,168.0399932861328,166.61000061035156,159.9325408935547,34075700
2018-03-21,167.2100067138672,168.75999450683594,166.19000244140625,159.2361297607422,43863500
2018-03-22,164.61000061035156,165.77000427246094,162.58999633789062,155.30572509765625,66607300
2018-03-23,162.61000061035156,163.3000030517578,158.42999267578125,151.21324157714844,80110400
2018-03-26,161.72000122070312,164.60000610351562,159.16000366210938,156.83213806152344,57481500
2018-03-27,165.6199951171875,165.6199951171875,157.67999267578125,151.75701904296875,78889100
2018-03-28,158.1699981689453,159.77999877929688,156.0399932861328,150.01126098632812,89369700
2018-03-29,158.10000610351562,161.7100067138672,156.6300048828125,152.7587127685547,68692600
2018-04-02,158.99000549316406,159.74000549316406,153.8800048828125,148.35133361816406,85549400
2018-04-03,156.8699951171875,157.9199981689453,154.44000244140625,150.0207977294922,64090000
2018-04-04,154.22000122070312,160.22999572753906,154.0399932861328,152.3866424560547,65768700
2018-04-05,161.3300018310547,161.5800018310547,159.47999572753906,153.25466918945312,43054900
2018-04-06,158.8800048828125,160.4600067138672,155.8800048828125,149.4198455810547,59870900
2018-04-09,157.97999572753906,160.8800048828125,157.4600067138672,150.4691619873047,41810400
2018-04-10,160.2100067138672,161.72999572753906,159.07000732421875,153.78897094726562,48296800
2018-04-11,160.1999969482422,162.0,160.10000610351562,152.90176391601562,41622100
2018-04-12,161.25,162.77000427246094,161.16000366210938,154.74288940429688,30467900
2018-04-13,163.02000427246094,163.25999450683594,160.6699981689453,153.9416046142578,44604900
2018-04-16,162.5,163.19000244140625,161.47999572753906,155.11497497558594,28180800
2018-04-17,164.24000549316406,166.4600067138672,163.91000366210938,158.45387268066406,35536100
2018-04-18,166.10000610351562,167.0,165.30999755859375,158.7781982421875,29573900
2018-04-19,165.60000610351562,165.99000549316406,164.33999633789062,157.31863403320312,34705700
2018-04-20,164.49000549316406,164.61000061035156,161.72999572753906,154.82879638671875,49197100
2018-04-23,163.08999633789062,163.72999572753906,161.02000427246094,154.4376678466797,33040600
2018-04-24,162.66000366210938,162.91000366210938,157.38999938964844,151.16558837890625,70256800
2018-04-25,158.74000549316406,159.30999755859375,156.47000122070312,151.34681701660156,52089300
2018-04-26,160.6999969482422,162.52999877929688,160.17999267578125,154.53306579589844,43005500
2018-04-27,164.3699951171875,164.41000366210938,161.1699981689453,154.6284637451172,51043400
2018-04-30,162.47000122070312,163.47999572753906,160.5399932861328,153.5314178466797,35615300
2018-05-01,160.52000427246094,162.8000030517578,160.13999938964844,155.28672790527344,36513500
2018-05-02,163.05999755859375,163.57000732421875,161.6300048828125,154.370849609375,38646800
2018-05-03,161.0,162.39999389648438,159.22000122070312,154.35177612304688,60337100
2018-05-04,161.10000610351562,165.25,160.97999572753906,157.2804718017578,41543200
2018-05-07,165.63999938964844,166.77999877929688,165.50999450683594,158.58740234375,32500200
2018-05-08,165.88999938964844,166.42999267578125,164.86000061035156,158.42527770996094,26040200
2018-05-09,166.3699951171875,168.0,165.77999877929688,160.15191650390625,29122700
2018-05-10,168.4199981689453,169.74000549316406,168.2899932861328,161.8118438720703,27067600
2018-05-11,169.4199981689453,169.86000061035156,168.72000122070312,161.65921020507812,24688800
2018-05-14,169.85000610351562,170.82000732421875,169.47000122070312,161.93582153320312,21821700
2018-05-15,168.41000366210938,168.5,166.97999572753906,160.14236450195312,49361600
2018-05-16,168.08999633789062,169.3699951171875,168.00999450683594,161.20127868652344,22941200
2018-05-17,168.38999938964844,169.61000061035156,167.50999450683594,160.58119201660156,27480200
2018-05-18,167.67999267578125,168.25999450683594,167.2100067138672,159.751220703125,26217900
2018-05-21,168.75999450683594,169.5,167.67999267578125,160.6479949951172,22954600
2018-05-22,169.1699981689453,169.4499969482422,167.8800048828125,160.4380645751953,19477700
2018-05-23,166.89999389648438,169.6199951171875,166.8800048828125,161.79275512695312,26557800
2018-05-24,169.5500030517578,169.85000610351562,167.83999633789062,161.7450408935547,27696500
2018-05-25,169.52999877929688,170.3300018310547,169.2100067138672,161.9072265625,27460500
2018-05-29,168.9499969482422,169.9199981689453,167.9600067138672,161.19175720214844,41220500
2018-05-30,169.5800018310547,170.47999572753906,169.22000122070312,162.3460693359375,22665800
2018-05-31,170.17999267578125,171.1999969482422,169.6300048828125,162.24111938476562,35670900
2018-06-01,170.9199981689453,172.83999633789062,170.8699951171875,164.78822326660156,45543300
2018-06-04,173.17999267578125,174.33999633789062,173.07000732421875,166.27638244628906,20459600
2018-06-05,174.7100067138672,175.1300048828125,174.07000732421875,166.79153442382812,24779300
2018-06-06,175.02000427246094,175.88999938964844,174.13999938964844,167.76455688476562,25036600
2018-06-07,175.88999938964844,175.92999267578125,173.5500030517578,166.40037536621094,39600300
2018-06-08,173.61000061035156,174.8800048828125,173.17999267578125,166.40994262695312,31780300
2018-06-11,174.30999755859375,175.33999633789062,174.27999877929688,166.85833740234375,22319700
2018-06-12,175.14999389648438,176.0,174.9600067138672,167.73593139648438,22511800
2018-06-13,176.10000610351562,177.13999938964844,175.42999267578125,167.7263946533203,37858600
2018-06-14,176.6300048828125,177.88999938964844,176.5,169.42449951171875,35916000
2018-06-15,176.92999267578125,177.3300018310547,176.11000061035156,168.8329620361328,49615700
2018-06-18,175.49000549316406,176.64999389648438,174.94000244140625,168.73548889160156,31633200
2018-06-19,174.27000427246094,176.0399932861328,173.7100067138672,168.25750732421875,38236000
2018-06-20,176.80999755859375,177.97999572753906,176.64999389648438,169.45249938964844,33038000
2018-06-21,177.6999969482422,177.8800048828125,175.3699951171875,167.98028564453125,43469400
2018-06-22,176.3000030517578,176.3699951171875,174.69000244140625,167.60739135742188,30073200
2018-06-25,173.72999572753906,173.99000549316406,169.80999755859375,163.83116149902344,77799700
2018-06-26,172.0,173.05999755859375,171.3699951171875,164.50042724609375,39008100
2018-06-27,172.8000030517578,173.5800018310547,169.61000061035156,162.2633514404297,52843500
2018-06-28,169.52000427246094,171.77000427246094,169.1699981689453,163.65902709960938,46407700
2018-06-29,172.00999450683594,172.9199981689453,171.39999389648438,164.0988311767578,36408500
2018-07-02,170.0399932861328,172.85000610351562,169.6699981689453,165.19827270507812,31770000
2018-07-03,173.4499969482422,173.4499969482422,170.6300048828125,163.28623962402344,25512700
2018-07-05,171.91000366210938,173.05999755859375,171.02999877929688,165.31298828125,31626200
2018-07-06,173.32000732421875,175.74000549316406,173.0,167.88467407226562,37005600
2018-07-09,176.52000427246094,177.22999572753906,175.82000732421875,169.39515686035156,27362100
2018-07-10,177.52000427246094,177.72000122070312,176.7100067138672,169.5194091796875,23902500
2018-07-11,175.92999267578125,177.07000732421875,175.8000030517578,168.6590118408203,30280600
2018-07-12,177.1999969482422,179.4600067138672,177.0800018310547,171.56527709960938,27930100
2018-07-13,179.4499969482422,179.89999389648438,178.9499969482422,171.7086639404297,28049800
2018-07-16,179.64999389648438,179.9499969482422,178.8800048828125,171.29762268066406,21405300
2018-07-17,177.27999877929688,180.64999389648438,177.27999877929688,172.3396453857422,31034100
2018-07-18,180.2899932861328,180.44000244140625,179.3800048828125,172.0146026611328,23220800
2018-07-19,179.27999877929688,179.8800048828125,178.82000732421875,171.1541748046875,31094100
2018-07-20,179.57000732421875,180.1699981689453,178.7899932861328,171.11599731445312,35897300
2018-07-23,178.4600067138672,179.63999938964844,177.74000549316406,171.660888671875,22184700
2018-07-24,181.41000366210938,182.0500030517578,179.55999755859375,172.36834716796875,36900300
2018-07-25,180.3800048828125,182.92999267578125,180.2899932861328,174.7775115966797,35026600
2018-07-26,180.33999633789062,180.9199981689453,179.80999755859375,172.1293182373047,40873500
2018-07-27,181.19000244140625,181.30999755859375,176.60000610351562,169.8062744140625,59456100
2018-07-30,177.6300048828125,177.72999572753906,174.27000427246094,167.4066925048828,60193000
2018-07-31,175.8000030517578,177.1300048828125,174.82000732421875,168.68772888183594,47285100
2018-08-01,176.86000061035156,177.64999389648438,176.10000610351562,169.32823181152344,37101900
2018-08-02,175.8699951171875,179.74000549316406,175.7899932861328,171.63221740722656,47178200
2018-08-03,179.8699951171875,180.08999633789062,179.0800018310547,172.15802001953125,28934400
2018-08-06,179.9600067138672,181.19000244140625,179.74000549316406,173.17141723632812,24808800
2018-08-07,181.64999389648438,182.13999938964844,181.25999450683594,173.80238342285156,29895700
2018-08-08,181.5500030517578,182.35000610351562,181.05999755859375,174.0126495361328,22680700
2018-08-09,181.91000366210938,182.6300048828125,181.63999938964844,173.90750122070312,18852900
2018-08-10,180.67999267578125,181.22000122070312,179.83999633789062,172.57864379882812,33818500
2018-08-13,180.85000610351562,182.00999450683594,180.24000549316406,172.38743591308594,26089200
2018-08-14,181.00999450683594,181.66000366210938,180.0399932861328,173.4677276611328,20913000
2018-08-15,180.00999450683594,180.5800018310547,178.1199951171875,171.34539794921875,58528000
2018-08-16,180.61000061035156,180.99000549316406,179.47000122070312,171.90945434570312,27711800
2018-08-17,179.35000610351562,180.30999755859375,178.27000427246094,171.9476776123047,36092600
2018-08-20,180.25999450683594,180.3300018310547,179.0,171.7947540283203,24939000
2018-08-21,180.24000549316406,181.44000244140625,180.1300048828125,172.42572021484375,26258700
2018-08-22,179.97999572753906,181.27000427246094,179.75,173.0948944091797,18042400
2018-08-23,180.74000549316406,182.0500030517578,180.5,172.84634399414062,25776200
2018-08-24,181.39999389648438,182.6300048828125,181.36000061035156,174.4524383544922,23136100
2018-08-27,183.39999389648438,184.33999633789062,183.11000061035156,176.23065185546875,29343600
2018-08-28,184.8300018310547,185.02000427246094,184.22000122070312,176.4887237548828,20277000
2018-08-29,184.92999267578125,186.83999633789062,184.86000061035156,178.5250244140625,29175600
2018-08-30,186.3800048828125,187.52000427246094,185.7899932861328,178.20956420898438,29315500
2018-08-31,186.17999267578125,187.17999267578125,185.97999572753906,178.43896484375,28653200
2018-09-04,186.0800018310547,186.39999389648438,184.85000610351562,177.6741943359375,29063500
2018-09-05,185.52000427246094,185.5500030517578,182.82000732421875,175.37973022460938,42623300
2018-09-06,183.52999877929688,183.75,180.5800018310547,173.81187438964844,46091400
2018-09-07,180.5,182.6699981689453,180.44000244140625,173.14271545410156,46629500
2018-09-10,182.14999389648438,182.25,180.72999572753906,173.72584533691406,26132000
2018-09-11,180.99000549316406,183.4199981689453,180.52000427246094,175.0643310546875,30116500
2018-09-12,182.85000610351562,182.97999572753906,181.00999450683594,174.5480499267578,36204000
2018-09-13,183.72000122070312,184.8800048828125,183.63999938964844,176.4122772216797,31133200
2018-09-14,184.66000366210938,184.9499969482422,183.25999450683594,175.89602661132812,31224100
2018-09-17,183.67999267578125,183.80999755859375,181.1699981689453,173.36256408691406,33071200
2018-09-18,181.49000549316406,183.72999572753906,181.39999389648438,174.79660034179688,31877300
2018-09-19,182.8699951171875,183.3000030517578,181.50999450683594,174.66278076171875,31843400
2018-09-20,183.9600067138672,184.97000122070312,183.52000427246094,176.59388732910156,33295800
2018-09-21,185.22000122070312,185.47999572753906,183.47999572753906,175.6283416748047,38605400
2018-09-24,182.0500030517578,183.9600067138672,181.3000030517578,176.1167755126953,34945600
2018-09-25,183.80999755859375,184.27999877929688,183.17999267578125,176.35618591308594,25277500
2018-09-26,184.3000030517578,185.99000549316406,183.91000366210938,176.480712890625,36210600
2018-09-27,185.02000427246094,186.49000549316406,184.9199981689453,177.97471618652344,33113300
2018-09-28,185.30999755859375,186.27999877929688,184.97000122070312,177.93643188476562,28076800
2018-10-01,186.8699951171875,187.52999877929688,185.6999969482422,178.30039978027344,27371300
2018-10-02,186.00999450683594,187.17999267578125,185.32000732421875,177.89813232421875,25618600
2018-10-03,186.52999877929688,186.97000122070312,185.66000366210938,178.08966064453125,29128700
2018-10-04,185.1999969482422,185.32000732421875,181.05999755859375,174.67059326171875,80557300
2018-10-05,182.36000061035156,182.97000122070312,178.42999267578125,172.53485107421875,83325600
2018-10-08,179.52000427246094,180.63999938964844,176.92999267578125,171.48138427734375,66864500
2018-10-09,179.17999267578125,181.02000427246094,178.75,172.03683471679688,49097900
2018-10-10,178.50999450683594,178.6199951171875,171.5,164.4707489013672,114471100
2018-10-11,171.02000427246094,173.39999389648438,167.80999755859375,162.4308319091797,143084500
2018-10-12,174.1699981689453,174.86000061035156,170.92999267578125,166.9513397216797,102078400
2018-10-15,173.7100067138672,174.0399932861328,171.55999755859375,164.93048095703125,64885300
2018-10-16,174.02000427246094,177.64999389648438,173.6999969482422,169.72874450683594,71979700
2018-10-17,178.0800018310547,178.25999450683594,175.47000122070312,169.79576110839844,66987600
2018-10-18,176.6199951171875,176.67999267578125,172.44000244140625,165.85948181152344,82486200
2018-10-19,174.5800018310547,176.07000732421875,172.38999938964844,165.70623779296875,82923700
2018-10-22,174.05999755859375,175.25,172.58999633789062,166.55859375,52909300
2018-10-23,170.63999938964844,174.1300048828125,168.82000732421875,165.9457244873047,77567000
2018-10-24,173.07000732421875,173.36000061035156,165.0399932861328,158.3509063720703,102997400
2018-10-25,167.91000366210938,172.0800018310547,167.16000366210938,163.82916259765625,83481100
2018-10-26,165.1999969482422,169.9600067138672,164.22999572753906,159.6150665283203,130970900
2018-10-29,169.2100067138672,169.86000061035156,160.08999633789062,156.33010864257812,111871900
2018-10-30,162.75,166.0399932861328,162.00999450683594,158.90638732910156,92584000
2018-10-31,168.6199951171875,171.25,168.5399932861328,162.64151000976562,73828600
2018-11-01,170.07000732421875,172.24000549316406,168.77999877929688,164.7868194580078,52706800
2018-11-02,171.52999877929688,172.5500030517578,168.22000122070312,162.2201385498047,75966800
2018-11-05,169.60000610351562,169.66000366210938,167.0800018310547,161.81787109375,39573500
2018-11-06,168.97000122070312,171.19000244140625,168.72000122070312,163.0437774658203,34410400
2018-11-07,172.27999877929688,175.5800018310547,171.8699951171875,168.1580047607422,51169600
2018-11-08,174.75999450683594,175.3000030517578,173.6300048828125,167.0853729248047,40296500
2018-11-09,172.8300018310547,173.25,170.16000366210938,164.26968383789062,50602700
2018-11-12,170.32000732421875,170.63999938964844,166.17999267578125,159.29908752441406,62578400
2018-11-13,167.11000061035156,169.47999572753906,166.0,159.4331512451172,64128100
2018-11-14,168.1199951171875,168.6999969482422,164.25,158.216796875,75270700
2018-11-15,164.89999389648438,168.5399932861328,163.4600067138672,160.9846954345703,73254300
2018-11-16,166.4499969482422,168.30999755859375,165.77999877929688,160.4196014404297,65390700
2018-11-19,166.6999969482422,166.89999389648438,161.5399932861328,155.20950317382812,67280500
2018-11-20,158.3699951171875,161.3800048828125,157.1300048828125,152.43209838867188,102652800
2018-11-21,161.35000610351562,161.97000122070312,159.22999572753906,153.5909881591797,42965800
2018-11-23,159.08999633789062,160.83999633789062,159.08999633789062,152.48004150390625,23503700
2018-11-26,161.44000244140625,162.97000122070312,160.75999450683594,156.00448608398438,42012600
2018-11-27,162.0,163.85000610351562,161.17999267578125,156.5312042236328,36608100
2018-11-28,164.6199951171875,168.6999969482422,163.47000122070312,161.56884765625,70141000
2018-11-29,167.99000549316406,169.25999450683594,166.82000732421875,161.04212951660156,44885700
2018-11-30,168.3800048828125,169.47000122070312,167.5399932861328,162.2104949951172,36722800
2018-12-03,173.11000061035156,173.30999755859375,169.50999450683594,165.04542541503906,50771700
2018-12-04,171.42999267578125,171.91000366210938,165.52000427246094,158.7148895263672,70594700
2018-12-06,162.3800048828125,166.91000366210938,161.77000427246094,159.83534240722656,71715500
2018-12-07,166.16000366210938,167.1199951171875,160.86000061035156,154.5582733154297,80432200
2018-12-10,161.0800018310547,163.77999877929688,159.41000366210938,156.17686462402344,73960800
2018-12-11,165.72999572753906,165.77000427246094,162.22999572753906,156.6940155029297,59058300
2018-12-12,166.0,167.60000610351562,164.9600067138672,158.07318115234375,53780000
2018-12-13,166.1300048828125,166.82000732421875,164.02999877929688,158.12103271484375,46378500
2018-12-14,163.2100067138672,163.80999755859375,160.6999969482422,154.2709197998047,56547400
2018-12-17,160.38999938964844,161.6699981689453,156.1699981689453,150.7752685546875,74834100
2018-12-18,158.64999389648438,159.9499969482422,157.0399932861328,151.72341918945312,63642100
2018-12-19,158.17999267578125,160.72000122070312,153.33999633789062,147.9978485107422,81856500
2018-12-20,154.14999389648438,155.8699951171875,150.38999938964844,145.85255432128906,99002100
2018-12-21,153.0500030517578,154.08999633789062,146.72000122070312,141.33209228515625,141129400
2018-12-24,146.0800018310547,147.97999572753906,143.4600067138672,137.82730102539062,56163300
2018-12-26,145.0800018310547,152.5399932861328,144.08999633789062,146.43309020996094,98982100
2018-12-27,150.3699951171875,153.17999267578125,147.0800018310547,146.9998016357422,85824300
2018-12-28,154.14999389648438,155.58999633789062,151.72000122070312,146.9229278564453,77856600
2018-12-31,154.47000122070312,154.97999572753906,152.7100067138672,148.1619415283203,53015300
2019-01-02,150.99000549316406,155.75,150.8800048828125,148.75741577148438,58576700
2019-01-03,152.60000610351562,153.25999450683594,149.49000549316406,143.8974609375,74820200
2019-01-04,152.33999633789062,157.0,151.74000549316406,150.05404663085938,74709300
2019-01-07,156.6199951171875,158.86000061035156,156.11000061035156,151.84054565429688,52059300
2019-01-08,159.5399932861328,160.11000061035156,157.1999969482422,153.21400451660156,49388700
2019-01-09,160.13999938964844,161.52000427246094,159.47000122070312,154.462646484375,46491700
2019-01-10,159.60000610351562,161.3699951171875,158.6999969482422,154.90440368652344,38943400
2019-01-11,160.3300018310547,160.86000061035156,159.7899932861328,154.3377685546875,30176600
2019-01-14,159.3300018310547,159.9600067138672,158.58999633789062,152.97390747070312,30710200
2019-01-15,160.0,162.60000610351562,159.91000366210938,155.96095275878906,40874200
2019-01-16,162.64999389648438,163.77999877929688,162.2899932861328,155.93214416503906,33812200
2019-01-17,161.8300018310547,164.36000061035156,161.57000732421875,157.16159057617188,39329000
2019-01-18,164.77999877929688,166.02000427246094,163.82000732421875,158.7174835205078,57183200
2019-01-22,164.05999755859375,164.13999938964844,160.75999450683594,155.53836059570312,56711700
2019-01-23,162.77000427246094,163.50999450683594,160.32000732421875,155.73997497558594,38106100
2019-01-24,162.67999267578125,163.44000244140625,162.05999755859375,156.7484893798828,32417800
2019-01-25,164.50999450683594,165.64999389648438,163.9499969482422,158.62144470214844,36515900
2019-01-28,163.02000427246094,163.1199951171875,161.75,156.66212463378906,33491200
2019-01-29,163.1999969482422,163.24000549316406,160.99000549316406,155.18296813964844,30784200
2019-01-30,163.39999389648438,166.27999877929688,162.88999938964844,159.13052368164062,41346500
2019-01-31,166.6999969482422,168.99000549316406,166.47000122070312,161.5124969482422,37258400
2019-02-01,167.3300018310547,168.60000610351562,166.99000549316406,160.83050537109375,32143700
2019-02-04,167.47999572753906,169.52999877929688,167.3300018310547,162.82830810546875,26718800
2019-02-05,169.75999450683594,171.22999572753906,169.69000244140625,164.2689971923828,28156400
2019-02-06,171.07000732421875,171.3699951171875,169.75,163.77919006347656,27970000
2019-02-07,169.02999877929688,169.4499969482422,166.9499969482422,161.57968139648438,42036200
2019-02-08,166.75999450683594,168.58999633789062,166.57000732421875,161.8966522216797,29020700
2019-02-11,169.1699981689453,169.5800018310547,167.97999572753906,161.7429656982422,21434100
2019-02-12,169.6300048828125,171.13999938964844,169.3300018310547,164.1345672607422,29722100
2019-02-13,171.64999389648438,172.16000366210938,170.82000732421875,164.24978637695312,26094100
2019-02-14,170.39999389648438,171.8300018310547,169.8300018310547,164.4515380859375,30326800
2019-02-15,172.52000427246094,172.55999755859375,171.13999938964844,165.14303588867188,32521700
2019-02-19,171.41000366210938,172.8000030517578,171.3800048828125,165.46957397460938,19487700
2019-02-20,172.39999389648438,173.0800018310547,171.32000732421875,165.44078063964844,32593000
2019-02-21,171.7899932861328,172.25999450683594,170.7100067138672,164.83563232421875,25207400
2019-02-22,171.99000549316406,173.00999450683594,171.89999389648438,166.05548095703125,27735400
2019-02-25,174.2100067138672,174.66000366210938,173.39999389648438,166.66058349609375,32608800
2019-02-26,173.10000610351562,174.25,172.80999755859375,166.83343505859375,21939700
2019-02-27,172.89999389648438,173.8000030517578,171.75999450683594,166.727783203125,25162000
2019-02-28,173.0500030517578,173.80999755859375,172.6999969482422,166.3436279296875,25085500
2019-03-01,174.44000244140625,174.64999389648438,173.17999267578125,167.4961700439453,31431200
2019-03-04,175.5399932861328,175.7899932861328,172.47000122070312,167.5249786376953,38063500
2019-03-05,174.5500030517578,175.08999633789062,173.69000244140625,167.64990234375,22319900
2019-03-06,174.72000122070312,174.75,173.27999877929688,166.698974609375,27194600
2019-03-07,173.1199951171875,173.17999267578125,170.7899932861328,164.6531524658203,39407400
2019-03-08,169.50999450683594,171.25999450683594,169.33999633789062,164.40350341796875,39303200
2019-03-11,171.8800048828125,174.85000610351562,171.85000610351562,167.82273864746094,30518400
2019-03-12,175.19000244140625,176.13999938964844,174.77000427246094,168.7447967529297,33953500
2019-03-13,176.60000610351562,177.92999267578125,176.35000610351562,170.0126190185547,42426100
2019-03-14,177.1300048828125,177.33999633789062,176.66000366210938,169.72445678710938,23751500
2019-03-15,177.39999389648438,178.8800048828125,177.27999877929688,171.29966735839844,38192000
2019-03-18,177.9499969482422,178.99000549316406,177.58999633789062,171.7075653076172,32935100
2019-03-19,179.17999267578125,180.0,178.2899932861328,172.28497314453125,36893300
2019-03-20,179.05999755859375,180.86000061035156,178.24000549316406,172.9680938720703,50105000
2019-03-21,179.22000122070312,182.8300018310547,179.1999969482422,175.6719512939453,42428500
2019-03-22,181.77999877929688,182.27000427246094,178.3699951171875,171.81341552734375,70794500
2019-03-25,177.91000366210938,178.83999633789062,176.92999267578125,171.486328125,46336500
2019-03-26,179.60000610351562,180.69000244140625,178.13999938964844,172.28497314453125,33248100
2019-03-27,179.32000732421875,179.72000122070312,176.60000610351562,171.1783447265625,37096700
2019-03-28,178.36000061035156,178.97999572753906,177.24000549316406,171.57290649414062,30368200
2019-03-29,179.69000244140625,179.8300018310547,178.58999633789062,172.87188720703125,35205500
2019-04-01,181.50999450683594,182.25999450683594,180.77000427246094,175.16200256347656,30969500
2019-04-02,182.24000549316406,182.91000366210938,181.77999877929688,175.82591247558594,22645200
2019-04-03,183.75999450683594,184.9199981689453,183.2100067138672,176.83621215820312,31633500
2019-04-04,183.8300018310547,184.5,182.64999389648438,176.7689208984375,28530800
2019-04-05,184.24000549316406,184.77000427246094,184.02000427246094,177.6829833984375,25674700
2019-04-08,184.36000061035156,185.27999877929688,183.6300048828125,178.1352081298828,22697500
2019-04-09,184.5,185.11000061035156,184.08999633789062,177.509765625,25631900
2019-04-10,184.72000122070312,185.52999877929688,184.52000427246094,178.4623565673828,24563000
2019-04-11,185.77999877929688,185.77999877929688,184.69000244140625,178.0390167236328,20654100
2019-04-12,185.85000610351562,185.9499969482422,185.05999755859375,178.8087921142578,24989100
2019-04-15,185.83999633789062,186.07000732421875,184.6199951171875,178.83761596679688,21073000
2019-04-16,186.5399932861328,186.91000366210938,185.92999267578125,179.45343017578125,27195700
2019-04-17,187.75,187.92999267578125,186.60000610351562,180.0789031982422,29651600
2019-04-18,187.4600067138672,187.7899932861328,186.2899932861328,180.30982971191406,28580900
2019-04-22,186.57000732421875,187.99000549316406,186.42999267578125,180.81982421875,17936000
2019-04-23,188.39999389648438,190.5399932861328,188.1300048828125,183.11947631835938,33665600
2019-04-24,190.47000122070312,190.7100067138672,189.64999389648438,182.5421905517578,24977100
2019-04-25,191.1300048828125,191.22000122070312,189.4499969482422,183.28309631347656,29517500
2019-04-26,190.17999267578125,190.69000244140625,188.58999633789062,183.44668579101562,26359500
2019-04-29,190.64999389648438,191.32000732421875,190.33999633789062,183.80267333984375,21716200
2019-04-30,189.47999572753906,189.85000610351562,188.2100067138672,182.3785858154297,31495300
2019-05-01,190.77999877929688,191.32000732421875,188.8000030517578,181.79165649414062,34797100
2019-05-02,188.8699951171875,189.85000610351562,186.8699951171875,181.00262451171875,44110100
2019-05-03,189.6699981689453,191.25,189.3300018310547,183.88926696777344,30386200
2019-05-06,187.0500030517578,190.1999969482422,186.75999450683594,182.76353454589844,38371800
2019-05-07,187.8699951171875,188.6699981689453,184.50999450683594,179.20327758789062,58818100
2019-05-08,185.6300048828125,187.1699981689453,184.9600067138672,178.75103759765625,37165300
2019-05-09,183.6999969482422,185.41000366210938,182.08999633789062,177.7888641357422,55351700
2019-05-10,184.11000061035156,185.88999938964844,181.02999877929688,178.01016235351562,58526400
2019-05-13,180.2899932861328,181.25999450683594,178.05999755859375,171.83267211914062,67185800
2019-05-14,179.52000427246094,181.6300048828125,178.86000061035156,173.7186737060547,43360600
2019-05-15,179.35000610351562,183.5500030517578,179.30999755859375,176.1722869873047,40944500
2019-05-16,183.1699981689453,186.07000732421875,182.9499969482422,177.94277954101562,39281200
2019-05-17,183.10000610351562,185.5800018310547,182.8800048828125,176.12417602539062,44702300
2019-05-20,180.49000549316406,181.17999267578125,179.33999633789062,173.15097045898438,38608300
2019-05-21,181.5,182.3300018310547,180.9199981689453,174.95993041992188,31613800
2019-05-22,180.82000732421875,182.07000732421875,180.75,174.18052673339844,24332600
2019-05-23,178.94000244140625,179.02000427246094,177.13999938964844,171.51516723632812,45351300
2019-05-24,179.2100067138672,179.85000610351562,177.94000244140625,171.4285888671875,25903300
2019-05-28,178.66000366210938,179.66000366210938,177.47000122070312,170.7838897705078,24763800
2019-05-29,176.38999938964844,177.0,175.08999633789062,169.3790283203125,42178800
2019-05-30,176.5,177.27000427246094,175.77000427246094,170.0911102294922,30354800
2019-05-31,174.69000244140625,175.2899932861328,173.8699951171875,167.37762451171875,45446200
2019-06-03,173.47999572753906,173.9499969482422,169.27000427246094,163.69236755371094,75842300
2019-06-04,172.02999877929688,174.97000122070312,171.3699951171875,168.3013458251953,47797800
2019-06-05,176.5800018310547,176.61000061035156,174.3800048828125,169.5522918701172,34412700
2019-06-06,176.50999450683594,178.0399932861328,175.72999572753906,170.89935302734375,29913200
2019-06-07,178.55999755859375,181.77000427246094,178.3300018310547,174.19973754882812,45888300
2019-06-10,182.25,184.85000610351562,182.2100067138672,176.2300262451172,41385300
2019-06-11,185.05999755859375,185.39999389648438,182.77999877929688,176.4705810546875,41260300
2019-06-12,182.89999389648438,183.27999877929688,182.0,175.45066833496094,27758100
2019-06-13,183.10000610351562,183.8699951171875,182.74000549316406,176.48980712890625,23715800
2019-06-14,182.47999572753906,183.11000061035156,181.94000244140625,175.7393035888672,22844100
2019-06-17,183.0399932861328,184.25,182.83999633789062,176.7977294921875,20379500
2019-06-18,185.91000366210938,187.72000122070312,185.42999267578125,179.3668975830078,48177300
2019-06-19,186.66000366210938,187.52999877929688,185.57000732421875,180.0404510498047,31672900
2019-06-20,189.72000122070312,189.75999450683594,187.16000366210938,181.71469116210938,40922000
2019-06-21,188.6300048828125,189.77000427246094,188.1699981689453,181.44525146484375,39980400
2019-06-24,188.52999877929688,188.72000122070312,188.05999755859375,181.45103454589844,19375200
2019-06-25,188.02999877929688,188.13999938964844,184.64999389648438,178.33621215820312,33921100
2019-06-26,186.16000366210938,187.3300018310547,185.49000549316406,179.16552734375,22595700
2019-06-27,186.4600067138672,186.94000244140625,185.99000549316406,179.8502197265625,19709200
2019-06-28,186.9499969482422,187.14999389648438,186.07000732421875,180.0816650390625,21179200
2019-07-01,190.32000732421875,190.57000732421875,188.3800048828125,182.51182556152344,31025600
2019-07-02,189.1999969482422,190.02999877929688,188.66000366210938,183.2350616455078,18035800
2019-07-03,190.49000549316406,191.44000244140625,190.2899932861328,184.61412048339844,15792100
2019-07-05,190.1300048828125,191.39999389648438,189.38999938964844,184.23805236816406,21415600
2019-07-08,189.80999755859375,189.8699951171875,188.92999267578125,182.9457550048828,17598800
2019-07-09,188.80999755859375,190.89999389648438,188.64999389648438,183.86190795898438,19193500
2019-07-10,191.82000732421875,193.08999633789062,191.47000122070312,185.6941375732422,28374500
2019-07-11,192.85000610351562,193.33999633789062,191.80999755859375,185.55914306640625,23736100
2019-07-12,192.6300048828125,193.5399932861328,192.4499969482422,186.62954711914062,20211900
2019-07-15,193.97999572753906,194.19000244140625,193.44000244140625,187.2274932861328,15606100
2019-07-16,193.91000366210938,194.08999633789062,192.55999755859375,186.2631072998047,20190900
2019-07-17,193.14999389648438,193.49000549316406,192.17999267578125,185.3470001220703,16765100
2019-07-18,191.2899932861328,192.7899932861328,190.69000244140625,185.55914306640625,28877000
2019-07-19,193.74000549316406,193.8300018310547,190.80999755859375,184.1994171142578,29387900
2019-07-22,191.44000244140625,192.94000244140625,191.44000244140625,185.66525268554688,18954900
2019-07-23,193.5800018310547,193.80999755859375,192.2899932861328,186.88027954101562,23786700
2019-07-24,193.0500030517578,195.16000366210938,193.02999877929688,188.1917724609375,20422900
2019-07-25,194.49000549316406,194.52000427246094,192.92999267578125,186.40774536132812,23434700
2019-07-26,194.52999877929688,195.5500030517578,194.42999267578125,188.3267822265625,20431200
2019-07-29,195.11000061035156,195.17999267578125,193.38999938964844,187.68067932128906,20451700
2019-07-30,193.1300048828125,194.5399932861328,192.99000549316406,186.87066650390625,18705000
2019-07-31,194.3000030517578,194.42999267578125,189.32000732421875,184.2862091064453,41627500
2019-08-01,191.42999267578125,194.97999572753906,189.22999572753906,183.37010192871094,63251600
2019-08-02,188.72000122070312,188.99000549316406,186.2100067138672,180.66990661621094,55214000
2019-08-05,183.42999267578125,183.50999450683594,179.1999969482422,174.2859649658203,75040000
2019-08-06,182.39999389648438,183.8000030517578,181.07000732421875,176.72573852539062,41897200
2019-08-07,181.27000427246094,184.50999450683594,179.88999938964844,177.680419921875,49990600
2019-08-08,185.0800018310547,188.32000732421875,184.57000732421875,181.54747009277344,38418100
2019-08-09,187.36000061035156,188.0,185.02999877929688,179.8406219482422,33608900
2019-08-12,185.33999633789062,185.89999389648438,183.5,177.77688598632812,24642900
2019-08-13,184.19000244140625,189.67999267578125,184.02000427246094,181.67286682128906,40241900
2019-08-14,185.36000061035156,185.9499969482422,182.4199981689453,176.2436065673828,51000500
2019-08-15,183.0,183.58999633789062,181.16000366210938,176.04107666015625,36685000
2019-08-16,184.2100067138672,185.9499969482422,184.10000610351562,178.86660766601562,32781400
2019-08-19,188.16000366210938,188.8300018310547,187.5,181.71141052246094,22494100
2019-08-20,187.9600067138672,188.63999938964844,186.9199981689453,180.30343627929688,19902900
2019-08-21,188.61000061035156,189.22999572753906,187.9600067138672,181.90428161621094,20418500
2019-08-22,188.97999572753906,189.4600067138672,186.5399932861328,181.31602478027344,24243700
2019-08-23,186.74000549316406,188.4499969482422,181.55999755859375,175.5782012939453,55372400
2019-08-26,184.13999938964844,184.8699951171875,183.0800018310547,178.2301025390625,27598900
2019-08-27,186.11000061035156,186.4199981689453,183.7100067138672,177.85401916503906,28012800
2019-08-28,183.8300018310547,185.39999389648438,182.91000366210938,178.49050903320312,21792400
2019-08-29,187.38999938964844,188.4600067138672,186.67999267578125,181.21958923339844,25358900
2019-08-30,188.92999267578125,188.97000122070312,186.41000366210938,180.78562927246094,26319800
2019-09-03,186.22000122070312,187.17999267578125,185.02999877929688,179.0305633544922,27964200
2019-09-04,187.44000244140625,188.49000549316406,186.89999389648438,181.61497497558594,21592100
2019-09-05,190.41000366210938,192.3300018310547,190.33999633789062,184.9419403076172,33932600
2019-09-06,192.10000610351562,192.1699981689453,191.1699981689453,184.75872802734375,19487800
2019-09-09,192.19000244140625,192.27000427246094,190.22000122070312,184.3729705810547,24407600
2019-09-10,190.16000366210938,190.74000549316406,188.91000366210938,183.84262084960938,23744700
2019-09-11,191.0,192.52999877929688,190.55999755859375,185.56878662109375,25063600
2019-09-12,193.61000061035156,194.7100067138672,192.97000122070312,186.34027099609375,28689900
2019-09-13,192.9499969482422,193.39999389648438,192.2899932861328,185.67489624023438,27669800
2019-09-16,191.3000030517578,192.0800018310547,191.11000061035156,184.84552001953125,20319000
2019-09-17,191.6999969482422,192.60000610351562,191.2899932861328,185.73275756835938,20953400
2019-09-18,192.1999969482422,192.60000610351562,190.11000061035156,185.65560913085938,29781300
2019-09-19,192.86000061035156,194.0399932861328,192.47000122070312,185.9641571044922,26039400
2019-09-20,193.11000061035156,193.30999755859375,190.16000366210938,183.99693298339844,29086100
2019-09-23,190.36000061035156,191.07000732421875,189.72000122070312,184.07810974121094,22485900
2019-09-24,191.3699951171875,191.7899932861328,187.14999389648438,181.63336181640625,40820700
2019-09-25,187.77999877929688,190.5800018310547,186.2100067138672,183.67221069335938,34704900
2019-09-26,189.8300018310547,190.0,187.97999572753906,182.99586486816406,26826000
2019-09-27,189.72999572753906,189.8300018310547,185.75,180.7250518798828,40773500
2019-09-30,187.7899932861328,189.11000061035156,187.39999389648438,182.44503784179688,26307700
2019-10-01,189.5,190.58999633789062,186.9600067138672,180.95697021484375,32367600
2019-10-02,186.0,186.02999877929688,183.02000427246094,177.84547424316406,48544300
2019-10-03,184.02999877929688,186.2100067138672,181.82000732421875,179.79739379882812,39392500
2019-10-04,187.0800018310547,189.0800018310547,186.8800048828125,182.44503784179688,31887600
2019-10-07,188.27000427246094,189.74000549316406,187.91000366210938,181.8942108154297,21216000
2019-10-08,187.05999755859375,187.86000061035156,185.27000427246094,179.16932678222656,32379300
2019-10-09,186.99000549316406,188.0800018310547,186.42999267578125,180.91827392578125,20147400
2019-10-10,187.27999877929688,189.42999267578125,187.1199951171875,182.31942749023438,25177700
2019-10-11,190.8300018310547,192.6300048828125,190.72000122070312,184.66749572753906,40976700
2019-10-14,190.83999633789062,191.6999969482422,190.64999389648438,184.64817810058594,14975000
2019-10-15,191.67999267578125,193.97000122070312,191.55999755859375,186.9962615966797,23234200
2019-10-16,192.86000061035156,193.52999877929688,192.42999267578125,186.532470703125,20457100
2019-10-17,194.1999969482422,194.5,192.80999755859375,187.02525329589844,19045200
2019-10-18,193.1999969482422,193.6699981689453,190.7100067138672,185.2279510498047,27700800
2019-10-21,192.7100067138672,193.52000427246094,192.13999938964844,186.87066650390625,15801200
2019-10-22,194.14999389648438,194.4199981689453,191.7899932861328,185.38258361816406,22392300
2019-10-23,191.4600067138672,192.25999450683594,191.14999389648438,185.74009704589844,14828400
2019-10-24,193.58999633789062,194.2100067138672,192.74000549316406,187.54702758789062,18998500
2019-10-25,193.08999633789062,195.74000549316406,193.0500030517578,189.0447998046875,21507100
2019-10-28,196.5500030517578,197.8300018310547,196.5500030517578,190.90972900390625,18818700
2019-10-29,197.24000549316406,197.5399932861328,196.00999450683594,189.43130493164062,18569700
2019-10-30,196.4199981689453,197.32000732421875,195.2899932861328,190.3492889404297,21764300
2019-10-31,197.55999755859375,197.64999389648438,195.94000244140625,190.4362335205078,26801800
2019-11-01,197.92999267578125,198.8800048828125,197.6300048828125,192.16590881347656,22131900
2019-11-04,200.19000244140625,200.52999877929688,198.8699951171875,193.35446166992188,19015900
2019-11-05,200.35000610351562,200.5500030517578,199.5500030517578,193.46075439453125,15048900
2019-11-06,199.97999572753906,200.0,198.7899932861328,193.02587890625,19725500
2019-11-07,200.75999450683594,201.72000122070312,199.85000610351562,193.67332458496094,17832400
2019-11-08,200.07000732421875,201.25,199.5399932861328,194.4463653564453,15258800
2019-11-11,200.2100067138672,201.0399932861328,199.94000244140625,194.18545532226562,10147600
2019-11-12,201.1300048828125,202.2100067138672,200.82000732421875,194.7458953857422,14778300
2019-11-13,200.83999633789062,201.77999877929688,200.7100067138672,194.7942352294922,15774600
2019-11-14,200.8300018310547,201.55999755859375,200.22000122070312,194.63963317871094,16945400
2019-11-15,202.64999389648438,202.91000366210938,202.0,196.06973266601562,18427900
2019-11-18,202.58999633789062,203.38999938964844,201.77000427246094,196.22433471679688,18365900
2019-11-19,203.83999633789062,203.83999633789062,202.58999633789062,196.5142059326172,16923300
2019-11-20,202.83999633789062,203.4499969482422,200.6199951171875,195.33534240722656,36629000
2019-11-21,201.92999267578125,202.07000732421875,201.07000732421875,194.9005126953125,17883600
2019-11-22,202.1999969482422,202.32000732421875,200.74000549316406,195.02615356445312,17189600
2019-11-25,202.6999969482422,204.25999450683594,202.6699981689453,197.33555603027344,17752800
2019-11-26,204.35000610351562,204.8699951171875,204.0500030517578,197.71238708496094,14780600
2019-11-27,205.13999938964844,206.0500030517578,204.88999938964844,199.09417724609375,16963100
2019-11-29,205.52000427246094,205.8300018310547,205.0,198.1858673095703,9854600
2019-12-02,205.11000061035156,205.17999267578125,201.77999877929688,196.15667724609375,28007000
2019-12-03,200.2100067138672,201.49000549316406,199.22999572753906,194.62026977539062,31104100
2019-12-04,202.44000244140625,202.91000366210938,202.13999938964844,195.60589599609375,15300100
2019-12-05,203.14999389648438,203.14999389648438,201.83999633789062,195.99241638183594,14962300
2019-12-06,204.30999755859375,205.14999389648438,204.14999389648438,198.0892791748047,16555300
2019-12-09,204.6300048828125,205.58999633789062,203.97999572753906,197.19064331054688,13984100
2019-12-10,204.1699981689453,204.8800048828125,203.44000244140625,197.02635192871094,21799800
2019-12-11,204.36000061035156,205.19000244140625,204.0399932861328,198.06993103027344,18780800
2019-12-12,204.77000427246094,207.32000732421875,204.49000549316406,199.5483856201172,32612000
2019-12-13,206.39999389648438,207.91000366210938,205.9600067138672,200.20541381835938,32519400
2019-12-16,208.5500030517578,209.52999877929688,208.47999572753906,202.21533203125,21296600
2019-12-17,209.5399932861328,209.7100067138672,209.0399932861328,202.33126831054688,15996100
2019-12-18,209.57000732421875,210.1300048828125,209.3300018310547,202.48587036132812,15443300
2019-12-19,209.63999938964844,210.92999267578125,209.6199951171875,203.75172424316406,17865900
2019-12-20,211.86000061035156,212.52000427246094,211.27000427246094,204.57308959960938,27672600
2019-12-23,212.0,212.14999389648438,211.6300048828125,205.11341857910156,23774700
2019-12-24,212.0,212.08999633789062,211.44000244140625,205.219970703125,7089000
2019-12-26,212.25999450683594,213.80999755859375,212.22999572753906,207.03079223632812,17067500
2019-12-27,214.5399932861328,214.55999755859375,213.0399932861328,206.8564910888672,18134100
2019-12-30,213.5,213.6300048828125,211.16000366210938,205.50076293945312,21815500
2019-12-31,211.52999877929688,212.75999450683594,211.1999969482422,205.88812255859375,18170900
